workerid,utterance,assignmentid,worktimeinseconds,source_model_name,source_object_class,source_dataset,target_model_name,target_object_class,target_dataset,is_patched,target_uid,source_uid,hard_context,target_original_object_class,source_original_object_class,saliency,tokens,tokens_len,utterance_spelled,target_unary_split,source_unary_split,listening_split,changeit_split,tokens_encoded
user_531,The arms are curved upwards,3PDJHANYK79GEAI55JYU5SXFNJO6HL,329,noisy_pc_chair_0379_sigma_0.05,chair,ModelNet,66342d92d51f402d3f7e27638e63d848,chair,ShapeNet,False,chair/ShapeNet/66342d92d51f402d3f7e27638e63d848,100pcPerClassOutput/chair/sigma_0.05/noisy_pc_chair_0379_sigma_0.05.npz,True,chair,chair,0,"['the', 'arms', 'are', 'curved', 'upwards']",5,the arms are curved upwards,val,test,val,test,"[1, 10, 2232, 16, 51, 209, 2, 0, 0, 0, 0, 0, 0, 0, 0, 0, 0, 0]"
user_1349,The target is circular,3NC5L260MQFMPKX3APWOJ77SC21FOV,328,noisy_pc_2acb11399d4d6cc335836c728d324152_sigma_0.05,chair,ShapeNet,4b71f633ddb55c6e309160eb001312fe,chair,ShapeNet,False,chair/ShapeNet/4b71f633ddb55c6e309160eb001312fe,100pcPerClassOutput/chair/sigma_0.05/noisy_pc_2acb11399d4d6cc335836c728d324152_sigma_0.05.npz,True,chair,chair,0,"['the', 'target', 'is', 'circular']",4,the target is circular,train,test,train,test,"[1, 10, 11, 7, 102, 2, 0, 0, 0, 0, 0, 0, 0, 0, 0, 0, 0, 0]"
user_688,the legs are thicker,3OLF68YTNBUXNG3206R6ICNO3ZJFAS,45,noisy_pc_chair_0595_sigma_0.05,chair,ModelNet,b5699ce2511433f3b28ede0f9f5a31e9,chair,ShapeNet,False,chair/ShapeNet/b5699ce2511433f3b28ede0f9f5a31e9,100pcPerClassOutput/chair/sigma_0.05/noisy_pc_chair_0595_sigma_0.05.npz,True,chair,chair,0,"['the', 'legs', 'are', 'thick', '-er']",5,the legs are thick -er,train,test,train,test,"[1, 10, 547, 16, 54, 9, 2, 0, 0, 0, 0, 0, 0, 0, 0, 0, 0, 0]"
user_591,There are no armrests,3OCHAWUVGQDKZF39CRAHIXQRC9VKXB,147,noisy_pc_47cd848a5584867b1e8791c225564ae0_sigma_0.05,chair,ShapeNet,e27cb29cc3df4d0330989b15eb158e03,chair,ShapeNet,False,chair/ShapeNet/e27cb29cc3df4d0330989b15eb158e03,100pcPerClassOutput/chair/sigma_0.05/noisy_pc_47cd848a5584867b1e8791c225564ae0_sigma_0.05.npz,False,chair,chair,0,"['there', 'are', 'no', 'armrests']",4,there are no armrests,train,test,train,test,"[1, 15, 16, 123, 2271, 2, 0, 0, 0, 0, 0, 0, 0, 0, 0, 0, 0, 0]"
user_1651,The back is wooden,34QN5IT0T1KS7OVX0QO7JEUP79E08P,43,noisy_pc_chair_0344_sigma_0.05,chair,ModelNet,eda92b7bd76d8bb0b083574fdbdf0a98,chair,ShapeNet,False,chair/ShapeNet/eda92b7bd76d8bb0b083574fdbdf0a98,100pcPerClassOutput/chair/sigma_0.05/noisy_pc_chair_0344_sigma_0.05.npz,True,chair,chair,0,"['the', 'back', 'is', 'wooden']",4,the back is wooden,train,test,train,test,"[1, 10, 183, 7, 2180, 2, 0, 0, 0, 0, 0, 0, 0, 0, 0, 0, 0, 0]"
user_2026,Its arms are connected to the back and the seat,337RC3OW07V3FWGWXCL09C6LL0IVLG,437,noisy_pc_2ed3b981a9827fb0392642605da2a1e7_sigma_0.05,chair,ShapeNet,91b738d40201bf18a413908c0e169330,chair,ShapeNet,False,chair/ShapeNet/91b738d40201bf18a413908c0e169330,100pcPerClassOutput/chair/sigma_0.05/noisy_pc_2ed3b981a9827fb0392642605da2a1e7_sigma_0.05.npz,True,chair,chair,0,"['its', 'arms', 'are', 'connected', 'to', 'the', 'back', 'and', 'the', 'seat']",10,its arms are connected to the back and the seat,train,test,train,test,"[1, 5, 2232, 16, 127, 58, 10, 183, 47, 10, 2255, 2, 0, 0, 0, 0, 0, 0]"
user_591,The backrest is much taller,30OG32W0SW4C1LXVEZC5M0MOQX4ENE,286,noisy_pc_chair_0813_sigma_0.05,chair,ModelNet,bdd57499bf64fab6bf80985a99195eb8,chair,ShapeNet,False,chair/ShapeNet/bdd57499bf64fab6bf80985a99195eb8,100pcPerClassOutput/chair/sigma_0.05/noisy_pc_chair_0813_sigma_0.05.npz,False,chair,chair,0,"['the', 'backrest', 'is', 'much', 'tall', '-er']",6,the backrest is much tall -er,train,test,train,test,"[1, 10, 2261, 7, 59, 53, 9, 2, 0, 0, 0, 0, 0, 0, 0, 0, 0, 0]"
user_1347,The overall shape is more rectangular,3A1COHJ8NLO3IO1TYYVSP6T6TJG8HL,68,noisy_pc_chair_0756_sigma_0.05,chair,ModelNet,6a254cc3d81881c91a3b39b07e4b3d0f,chair,ShapeNet,False,chair/ShapeNet/6a254cc3d81881c91a3b39b07e4b3d0f,100pcPerClassOutput/chair/sigma_0.05/noisy_pc_chair_0756_sigma_0.05.npz,False,chair,chair,0,"['the', 'overall', 'shape', 'is', 'more', 'rectangular']",6,the overall shape is more rectangular,train,test,train,test,"[1, 10, 201, 93, 7, 34, 128, 2, 0, 0, 0, 0, 0, 0, 0, 0, 0, 0]"
user_1389,"The target has short, square shaped legs",3SB4CE2TJXOEN2UN00XSOJNV7YSXA2,34,noisy_pc_chair_0970_sigma_0.05,chair,ModelNet,f4f1aba65ebe48eb70930286c914896b,chair,ShapeNet,False,chair/ShapeNet/f4f1aba65ebe48eb70930286c914896b,100pcPerClassOutput/chair/sigma_0.05/noisy_pc_chair_0970_sigma_0.05.npz,False,chair,chair,0,"['the', 'target', 'has', 'short', 'square', 'shaped', 'legs']",7,the target has short square shaped legs,train,test,train,test,"[1, 10, 11, 24, 8, 50, 14, 547, 2, 0, 0, 0, 0, 0, 0, 0, 0, 0]"
user_918,The back rest is short.,3COPXFW7XD5FQ61IQ000OK4OADLKPS,1002,noisy_pc_4b79197258fad3363efeda73d60343e4_sigma_0.05,chair,ShapeNet,bca8b73b32108ad6d42ec7e303174a87,chair,ShapeNet,False,chair/ShapeNet/bca8b73b32108ad6d42ec7e303174a87,100pcPerClassOutput/chair/sigma_0.05/noisy_pc_4b79197258fad3363efeda73d60343e4_sigma_0.05.npz,False,chair,chair,0,"['the', 'back', 'rest', 'is', 'short']",5,the back rest is short,train,test,train,test,"[1, 10, 183, 1154, 7, 8, 2, 0, 0, 0, 0, 0, 0, 0, 0, 0, 0, 0]"
user_920,The target's top back curls backwards.,39N5ACM9HGGV9AIRM39BYBQ8ZLQ9P8,117,noisy_pc_chair_0569_sigma_0.05,chair,ModelNet,2ae5f2290acacd7fd5b24cafb84903c7,chair,ShapeNet,False,chair/ShapeNet/2ae5f2290acacd7fd5b24cafb84903c7,100pcPerClassOutput/chair/sigma_0.05/noisy_pc_chair_0569_sigma_0.05.npz,True,chair,chair,0,"['the', 'target', ""'s"", 'top', 'back', 'curls', 'backwards']",7,the target 's top back curls backwards,test,test,test,test,"[1, 10, 11, 12, 99, 183, 376, 479, 2, 0, 0, 0, 0, 0, 0, 0, 0, 0]"
user_1651,Its back consists of four geometric openings,35USIKEBNT98O64G8HT7ACUB9Z56NA,97,noisy_pc_3ab0a1dcb23aa0f620bea10952746d3_sigma_0.05,chair,ShapeNet,5923697231e1bc86af38a3b0483df58,chair,ShapeNet,False,chair/ShapeNet/5923697231e1bc86af38a3b0483df58,100pcPerClassOutput/chair/sigma_0.05/noisy_pc_3ab0a1dcb23aa0f620bea10952746d3_sigma_0.05.npz,True,chair,chair,0,"['its', 'back', 'consists', 'of', 'four', 'geometric', 'openings']",7,its back consists of four geometric openings,val,test,val,test,"[1, 5, 183, 789, 38, 322, 1588, 1125, 2, 0, 0, 0, 0, 0, 0, 0, 0, 0]"
user_2025,The chair has two arm rests.,3IFS6Q0HJKCLX3RMIEJI69UM5M8ISM,202,noisy_pc_chair_0380_sigma_0.05,chair,ModelNet,5427106126c9851dc862eec8232fff1e,chair,ShapeNet,False,chair/ShapeNet/5427106126c9851dc862eec8232fff1e,100pcPerClassOutput/chair/sigma_0.05/noisy_pc_chair_0380_sigma_0.05.npz,True,chair,chair,0,"['the', 'chair', 'has', 'two', 'arm', 'rests']",6,the chair has two arm rests,train,test,train,test,"[1, 10, 2251, 24, 17, 517, 540, 2, 0, 0, 0, 0, 0, 0, 0, 0, 0, 0]"
user_571,The top rail of the backrest is not straight in the middle,34QN5IT0T1KS7OVX0QO7JEUP7ZP08G,81,noisy_pc_fad907934656c52ba1abaa6eee3840a6_sigma_0.05,chair,ShapeNet,64ed01e4a892fa8e498bd5a555c21b1c,chair,ShapeNet,False,chair/ShapeNet/64ed01e4a892fa8e498bd5a555c21b1c,100pcPerClassOutput/chair/sigma_0.05/noisy_pc_fad907934656c52ba1abaa6eee3840a6_sigma_0.05.npz,True,chair,chair,0,"['the', 'top', 'rail', 'of', 'the', 'backrest', 'is', 'not', 'straight', 'in', 'the', 'middle']",12,the top rail of the backrest is not straight in the middle,train,test,train,test,"[1, 10, 99, 1940, 38, 10, 2261, 7, 40, 114, 90, 10, 232, 2, 0, 0, 0, 0]"
user_1577,seats one comfortably not three.,3QAPZX2QN66HL9T8K9F69NHML1002K,622,noisy_pc_2d1ebd7356968c0919fb4103277a6b93_sigma_0.05,chair,ShapeNet,7e8b24aab1f2681e595557081060d0b,chair,ShapeNet,False,chair/ShapeNet/7e8b24aab1f2681e595557081060d0b,100pcPerClassOutput/chair/sigma_0.05/noisy_pc_2d1ebd7356968c0919fb4103277a6b93_sigma_0.05.npz,False,chair,chair,0,"['seats', 'one', 'comfortably', 'not', 'three']",5,seats one comfortably not three,train,test,train,test,"[1, 2280, 19, 2379, 40, 80, 2, 0, 0, 0, 0, 0, 0, 0, 0, 0, 0, 0]"
user_757,it has less width,3R6BYFZZP959JTBVBGJK2KYM4CRXFX,153,noisy_pc_chair_0009_sigma_0.05,chair,ModelNet,93001617daca67ebc8687ff9b0b4e4ac,chair,ShapeNet,False,chair/ShapeNet/93001617daca67ebc8687ff9b0b4e4ac,100pcPerClassOutput/chair/sigma_0.05/noisy_pc_chair_0009_sigma_0.05.npz,False,chair,chair,0,"['it', 'has', 'less', 'width']",4,it has less width,train,test,train,test,"[1, 23, 24, 229, 358, 2, 0, 0, 0, 0, 0, 0, 0, 0, 0, 0, 0, 0]"
user_786,Its seat's back edge is curved up,3HOSI13XH1HYN3SITANIKDS9CKYDD5,342,noisy_pc_1e92f53f3a191323d42b9650f19dd425_sigma_0.05,chair,ShapeNet,chair_0204,chair,ModelNet,False,chair/ModelNet/chair_0204,100pcPerClassOutput/chair/sigma_0.05/noisy_pc_1e92f53f3a191323d42b9650f19dd425_sigma_0.05.npz,True,chair,chair,0,"['its', 'seat', ""'s"", 'back', 'edge', 'is', 'curved', 'up']",8,its seat 's back edge is curved up,train,test,train,test,"[1, 5, 2255, 12, 183, 631, 7, 51, 269, 2, 0, 0, 0, 0, 0, 0, 0, 0]"
user_801,There are no legs and the entire base rests on the ground.,3U84XHCDIE6OQ8ELSHBM81H6NQ04Z5,92,noisy_pc_chair_0974_sigma_0.05,chair,ModelNet,b63fb0d22a44ff698cbb8bac2032149c,chair,ShapeNet,False,chair/ShapeNet/b63fb0d22a44ff698cbb8bac2032149c,100pcPerClassOutput/chair/sigma_0.05/noisy_pc_chair_0974_sigma_0.05.npz,True,chair,chair,0,"['there', 'are', 'no', 'legs', 'and', 'the', 'entire', 'base', 'rests', 'on', 'the', 'ground']",12,there are no legs and the entire base rests on the ground,train,test,train,test,"[1, 15, 16, 123, 547, 47, 10, 516, 103, 540, 20, 10, 299, 2, 0, 0, 0, 0]"
user_786,It does NOT have a writing arm,3OONKJ5DKECWC3LN5NAS0HG8DC9BO7,205,noisy_pc_eb1019c438090004db6175ef18ad3f80_sigma_0.05,chair,ShapeNet,bb04dc0b336abf4b263915c09bc4854f,chair,ShapeNet,False,chair/ShapeNet/bb04dc0b336abf4b263915c09bc4854f,100pcPerClassOutput/chair/sigma_0.05/noisy_pc_eb1019c438090004db6175ef18ad3f80_sigma_0.05.npz,False,chair,chair,0,"['it', 'does', 'not', 'have', 'a', 'writing', 'arm']",7,it does not have a writing arm,train,test,train,test,"[1, 23, 39, 40, 84, 26, 736, 517, 2, 0, 0, 0, 0, 0, 0, 0, 0, 0]"
user_1838,Target is shorter.,39JEC7537WUACSMQKZS16TGYRNYVCM,125,noisy_pc_c1d4fcbf5bb6ad11c5beea20858a99d5_sigma_0.05,chair,ShapeNet,fb4e388b57e36e7ceca29403b7226aa1,chair,ShapeNet,False,chair/ShapeNet/fb4e388b57e36e7ceca29403b7226aa1,100pcPerClassOutput/chair/sigma_0.05/noisy_pc_c1d4fcbf5bb6ad11c5beea20858a99d5_sigma_0.05.npz,True,chair,chair,0,"['target', 'is', 'short', '-er']",4,target is short -er,train,test,train,test,"[1, 11, 7, 8, 9, 2, 0, 0, 0, 0, 0, 0, 0, 0, 0, 0, 0, 0]"
user_1128,it has a more artistic design,3PB5A5BD0XZLIE1Z4NL4Q6LA3747GL,65,noisy_pc_chair_0618_sigma_0.05,chair,ModelNet,fdd7090f3ca12395a7ae19ac44244eae,chair,ShapeNet,False,chair/ShapeNet/fdd7090f3ca12395a7ae19ac44244eae,100pcPerClassOutput/chair/sigma_0.05/noisy_pc_chair_0618_sigma_0.05.npz,False,chair,chair,0,"['it', 'has', 'a', 'more', 'artistic', 'design']",6,it has a more artistic design,train,test,train,test,"[1, 23, 24, 26, 34, 457, 192, 2, 0, 0, 0, 0, 0, 0, 0, 0, 0, 0]"
user_1712,it is an office chair on wheels,3GS6S824SSQ6ILJMZZ6B86TOX54WNF,55,noisy_pc_chair_0803_sigma_0.05,chair,ModelNet,3919e93cc1f3bf5bd7f7a4c4609b0913,chair,ShapeNet,False,chair/ShapeNet/3919e93cc1f3bf5bd7f7a4c4609b0913,100pcPerClassOutput/chair/sigma_0.05/noisy_pc_chair_0803_sigma_0.05.npz,False,chair,chair,0,"['it', 'is', 'an', 'office', 'chair', 'on', 'wheels']",7,it is an office chair on wheels,train,test,train,test,"[1, 23, 7, 72, 2266, 2251, 20, 1013, 2, 0, 0, 0, 0, 0, 0, 0, 0, 0]"
user_1246,the chair legs are more in width,3VE8AYVF8OQJ4SAN387SMLHTD7P8FF,72,noisy_pc_chair_0432_sigma_0.05,chair,ModelNet,bb88bf9eb071f85bb232f4221eaa5610,chair,ShapeNet,False,chair/ShapeNet/bb88bf9eb071f85bb232f4221eaa5610,100pcPerClassOutput/chair/sigma_0.05/noisy_pc_chair_0432_sigma_0.05.npz,True,chair,chair,0,"['the', 'chair', 'legs', 'are', 'more', 'in', 'width']",7,the chair legs are more in width,train,test,train,test,"[1, 10, 2251, 547, 16, 34, 90, 358, 2, 0, 0, 0, 0, 0, 0, 0, 0, 0]"
user_1585,The arms of the chair are shorter and wider,336YQZE83X76NKJ2RX425RRB8G85ML,289,noisy_pc_6b95ac6189a395d3fa8cf35dd917fad6_sigma_0.05,chair,ShapeNet,551be68d484c8910f91663a74ccd2338,chair,ShapeNet,False,chair/ShapeNet/551be68d484c8910f91663a74ccd2338,100pcPerClassOutput/chair/sigma_0.05/noisy_pc_6b95ac6189a395d3fa8cf35dd917fad6_sigma_0.05.npz,True,chair,chair,0,"['the', 'arms', 'of', 'the', 'chair', 'are', 'short', '-er', 'and', 'wide', '-er']",11,the arms of the chair are short -er and wide -er,train,test,train,test,"[1, 10, 2232, 38, 10, 2251, 16, 8, 9, 47, 83, 9, 2, 0, 0, 0, 0, 0]"
user_2120,The chair is an armchair.,358010RM5GMYFQXLBVOOK618S6FVXJ,36,noisy_pc_6c5b15a19101456219cb07ecb5b4102_sigma_0.05,chair,ShapeNet,5a3ac1ba6f751bed79368d1198f406e7,chair,ShapeNet,False,chair/ShapeNet/5a3ac1ba6f751bed79368d1198f406e7,100pcPerClassOutput/chair/sigma_0.05/noisy_pc_6c5b15a19101456219cb07ecb5b4102_sigma_0.05.npz,False,chair,chair,0,"['the', 'chair', 'is', 'an', 'armchair']",5,the chair is an armchair,train,test,train,test,"[1, 10, 2251, 7, 72, 2283, 2, 0, 0, 0, 0, 0, 0, 0, 0, 0, 0, 0]"
user_1246,chair legs are more ornate,3BXQMRHWK1RN8Z9HSYCAD3JR7SPUM6,79,noisy_pc_1e40fef11894c4b9ce4f274577283b16_sigma_0.05,chair,ShapeNet,3d7ebe5de86294b3f6bcd046624c43c9,chair,ShapeNet,False,chair/ShapeNet/3d7ebe5de86294b3f6bcd046624c43c9,100pcPerClassOutput/chair/sigma_0.05/noisy_pc_1e40fef11894c4b9ce4f274577283b16_sigma_0.05.npz,False,chair,chair,0,"['chair', 'legs', 'are', 'more', 'ornate']",5,chair legs are more ornate,train,test,train,test,"[1, 2251, 547, 16, 34, 191, 2, 0, 0, 0, 0, 0, 0, 0, 0, 0, 0, 0]"
user_607,The chair has crest design on top.,3TUI152ZZDGYKHGBI397JAYZ6BPQ1K,106,noisy_pc_chair_0396_sigma_0.05,chair,ModelNet,2b4f2fc77c47056eaefb25a27e962525,chair,ShapeNet,False,chair/ShapeNet/2b4f2fc77c47056eaefb25a27e962525,100pcPerClassOutput/chair/sigma_0.05/noisy_pc_chair_0396_sigma_0.05.npz,False,chair,chair,0,"['the', 'chair', 'has', 'crest', 'design', 'on', 'top']",7,the chair has crest design on top,train,test,train,test,"[1, 10, 2251, 24, 2286, 192, 20, 99, 2, 0, 0, 0, 0, 0, 0, 0, 0, 0]"
user_1651,The back is square shaped,3IKZ72A5B6947ZXR9AWB4I7O26INFK,59,noisy_pc_1cc3513e4d81516267510d684b7bfd11_sigma_0.05,chair,ShapeNet,699fb3293e219808599dcc439b161a52,chair,ShapeNet,False,chair/ShapeNet/699fb3293e219808599dcc439b161a52,100pcPerClassOutput/chair/sigma_0.05/noisy_pc_1cc3513e4d81516267510d684b7bfd11_sigma_0.05.npz,False,chair,chair,0,"['the', 'back', 'is', 'square', 'shaped']",5,the back is square shaped,test,test,test,test,"[1, 10, 183, 7, 50, 14, 2, 0, 0, 0, 0, 0, 0, 0, 0, 0, 0, 0]"
user_1298,It is a rocking chair,3VHP9MDGRPDLGV00KKNXO7DC3U8CFF,150,noisy_pc_62257f79605faa66e6fe3612af521500_sigma_0.05,chair,ShapeNet,67bee683e394395d84ea893d074ffaa1,chair,ShapeNet,False,chair/ShapeNet/67bee683e394395d84ea893d074ffaa1,100pcPerClassOutput/chair/sigma_0.05/noisy_pc_62257f79605faa66e6fe3612af521500_sigma_0.05.npz,True,chair,chair,0,"['it', 'is', 'a', 'rocking', 'chair']",5,it is a rocking chair,train,test,train,test,"[1, 23, 7, 26, 2272, 2251, 2, 0, 0, 0, 0, 0, 0, 0, 0, 0, 0, 0]"
user_2120,The armchair has shorter but thicker legs.,3YW4XOSQKSEQCANSZCTCTBVO9KMU1W,93,noisy_pc_fee36ec8c8ae503fc68456e8da5b9a30_sigma_0.05,chair,ShapeNet,9faefdf6814aaa975510d59f3ab1ed64,chair,ShapeNet,False,chair/ShapeNet/9faefdf6814aaa975510d59f3ab1ed64,100pcPerClassOutput/chair/sigma_0.05/noisy_pc_fee36ec8c8ae503fc68456e8da5b9a30_sigma_0.05.npz,True,chair,chair,0,"['the', 'armchair', 'has', 'short', '-er', 'but', 'thick', '-er', 'legs']",9,the armchair has short -er but thick -er legs,train,test,train,test,"[1, 10, 2283, 24, 8, 9, 207, 54, 9, 547, 2, 0, 0, 0, 0, 0, 0, 0]"
user_238,The target has a cross rail that is thinner in height.,3I3WADAZ9SXUNN4E4DJFXVGG3DK5OR,207,noisy_pc_c69d5899d85eab9c173b9f28a2caa84d_sigma_0.05,chair,ShapeNet,6a9dce6566cd61652b339ec555ba3bfc,chair,ShapeNet,False,chair/ShapeNet/6a9dce6566cd61652b339ec555ba3bfc,100pcPerClassOutput/chair/sigma_0.05/noisy_pc_c69d5899d85eab9c173b9f28a2caa84d_sigma_0.05.npz,False,chair,chair,0,"['the', 'target', 'has', 'a', 'cross', 'rail', 'that', 'is', 'thin', '-er', 'in', 'height']",12,the target has a cross rail that is thin -er in height,val,test,val,test,"[1, 10, 11, 24, 26, 28, 1940, 172, 7, 60, 9, 90, 117, 2, 0, 0, 0, 0]"
user_1347,The chair has no arms,3QY5DC2MXTDH2PH06B8XIDZIAYQFUB,91,noisy_pc_chair_0643_sigma_0.05,chair,ModelNet,a63ceaceaaae4af9753496ba23f2183,chair,ShapeNet,False,chair/ShapeNet/a63ceaceaaae4af9753496ba23f2183,100pcPerClassOutput/chair/sigma_0.05/noisy_pc_chair_0643_sigma_0.05.npz,False,chair,chair,0,"['the', 'chair', 'has', 'no', 'arms']",5,the chair has no arms,train,test,train,test,"[1, 10, 2251, 24, 123, 2232, 2, 0, 0, 0, 0, 0, 0, 0, 0, 0, 0, 0]"
user_1577,chair is smoothly curved legs and sides too.,3LOZAJ85YF6PIZZJNL4DI14XVJ3X2G,112,noisy_pc_3b2710b509c3df0ea5e8cf3aa1686d66_sigma_0.05,chair,ShapeNet,b1add8182311f2a9f71e06115e9c3b3e,chair,ShapeNet,False,chair/ShapeNet/b1add8182311f2a9f71e06115e9c3b3e,100pcPerClassOutput/chair/sigma_0.05/noisy_pc_3b2710b509c3df0ea5e8cf3aa1686d66_sigma_0.05.npz,True,chair,chair,0,"['chair', 'is', 'smoothly', 'curved', 'legs', 'and', 'sides', 'too']",8,chair is smoothly curved legs and sides too,train,test,train,test,"[1, 2251, 7, 1523, 51, 547, 47, 360, 434, 2, 0, 0, 0, 0, 0, 0, 0, 0]"
user_655,The chair has one decorative stretcher,336KAV9KYSLEI4PTSHQF1FB6XLBY2T,107,noisy_pc_3dc252fd90d82b18c9be65dfbd21428b_sigma_0.05,chair,ShapeNet,8becb5888c900f3a610c2a68437007d6,chair,ShapeNet,False,chair/ShapeNet/8becb5888c900f3a610c2a68437007d6,100pcPerClassOutput/chair/sigma_0.05/noisy_pc_3dc252fd90d82b18c9be65dfbd21428b_sigma_0.05.npz,False,chair,chair,0,"['the', 'chair', 'has', 'one', 'decorative', 'stretcher']",6,the chair has one decorative stretcher,train,test,train,test,"[1, 10, 2251, 24, 19, 216, 1733, 2, 0, 0, 0, 0, 0, 0, 0, 0, 0, 0]"
user_326,the backrest is oval-shaped,38JBBYETQQ3QFDNPWUX9NRGOZCQ4EI,100,noisy_pc_chair_0330_sigma_0.05,chair,ModelNet,78f722590b0885a61efc6aa41666df08,chair,ShapeNet,False,chair/ShapeNet/78f722590b0885a61efc6aa41666df08,100pcPerClassOutput/chair/sigma_0.05/noisy_pc_chair_0330_sigma_0.05.npz,True,chair,chair,0,"['the', 'backrest', 'is', 'oval', 'shaped']",5,the backrest is oval shaped,train,test,train,test,"[1, 10, 2261, 7, 130, 14, 2, 0, 0, 0, 0, 0, 0, 0, 0, 0, 0, 0]"
user_2120,The chair is an armchair.,33JKGHPFYENAD9P8VX0OZ8RXZ0YMNG,39,noisy_pc_chair_0693_sigma_0.05,chair,ModelNet,7e2b07c0ebc5781a297936c81e7f6629,chair,ShapeNet,False,chair/ShapeNet/7e2b07c0ebc5781a297936c81e7f6629,100pcPerClassOutput/chair/sigma_0.05/noisy_pc_chair_0693_sigma_0.05.npz,False,chair,chair,0,"['the', 'chair', 'is', 'an', 'armchair']",5,the chair is an armchair,train,test,train,test,"[1, 10, 2251, 7, 72, 2283, 2, 0, 0, 0, 0, 0, 0, 0, 0, 0, 0, 0]"
user_203,It has fewer legs.,3WSELTNVR5V76LL3VQWVZG2PUZ7ATT,108,noisy_pc_chair_0877_sigma_0.05,chair,ModelNet,9ecd81b505ac3a175634c21965ee6bab,chair,ShapeNet,False,chair/ShapeNet/9ecd81b505ac3a175634c21965ee6bab,100pcPerClassOutput/chair/sigma_0.05/noisy_pc_chair_0877_sigma_0.05.npz,True,chair,chair,0,"['it', 'has', 'few', '-er', 'legs']",5,it has few -er legs,train,test,train,test,"[1, 23, 24, 859, 9, 547, 2, 0, 0, 0, 0, 0, 0, 0, 0, 0, 0, 0]"
user_1633,The target has thicker legs.,3SNLUL3WO6G32HRWSMBVDQ427NDLU9,67,noisy_pc_chair_0491_sigma_0.05,chair,ModelNet,4ae645f3b724a7dcb83ea6cf8ac00397,chair,ShapeNet,False,chair/ShapeNet/4ae645f3b724a7dcb83ea6cf8ac00397,100pcPerClassOutput/chair/sigma_0.05/noisy_pc_chair_0491_sigma_0.05.npz,False,chair,chair,0,"['the', 'target', 'has', 'thick', '-er', 'legs']",6,the target has thick -er legs,train,test,train,test,"[1, 10, 11, 24, 54, 9, 547, 2, 0, 0, 0, 0, 0, 0, 0, 0, 0, 0]"
user_251,The spindles on the backrest are not ornate,3Z4GS9HPNX32PLQYBKHAKT8H4YC77X,97,noisy_pc_1f5a2c231265aa9380b3cfbeccfb24d2_sigma_0.05,chair,ShapeNet,bb4868c1026c04fd7df0e9a69c97c97d,chair,ShapeNet,False,chair/ShapeNet/bb4868c1026c04fd7df0e9a69c97c97d,100pcPerClassOutput/chair/sigma_0.05/noisy_pc_1f5a2c231265aa9380b3cfbeccfb24d2_sigma_0.05.npz,False,chair,chair,0,"['the', 'spindles', 'on', 'the', 'backrest', 'are', 'not', 'ornate']",8,the spindles on the backrest are not ornate,test,test,test,test,"[1, 10, 1358, 20, 10, 2261, 16, 40, 191, 2, 0, 0, 0, 0, 0, 0, 0, 0]"
user_203,It has four legs.,3AMYWKA6YDFQ6R4S9WTKP1UGZCK6O5,431,noisy_pc_fdc7f288b8c65494a7101992f797b6a_sigma_0.05,chair,ShapeNet,c9d68e1e5309ac25ac57e7d566628472,chair,ShapeNet,False,chair/ShapeNet/c9d68e1e5309ac25ac57e7d566628472,100pcPerClassOutput/chair/sigma_0.05/noisy_pc_fdc7f288b8c65494a7101992f797b6a_sigma_0.05.npz,False,chair,chair,0,"['it', 'has', 'four', 'legs']",4,it has four legs,train,test,train,test,"[1, 23, 24, 322, 547, 2, 0, 0, 0, 0, 0, 0, 0, 0, 0, 0, 0, 0]"
user_948,The legs are thinner,345LHZDEDZLMMD17MG7VH4AL7GEU3Q,62,noisy_pc_chair_0731_sigma_0.05,chair,ModelNet,715530026c6459873e8366d7fa2c218f,chair,ShapeNet,False,chair/ShapeNet/715530026c6459873e8366d7fa2c218f,100pcPerClassOutput/chair/sigma_0.05/noisy_pc_chair_0731_sigma_0.05.npz,True,chair,chair,0,"['the', 'legs', 'are', 'thin', '-er']",5,the legs are thin -er,train,test,train,test,"[1, 10, 547, 16, 60, 9, 2, 0, 0, 0, 0, 0, 0, 0, 0, 0, 0, 0]"
user_688,the legs aren't curved at the seat,3QL2OFSM98BX4NDHI86AWCML5U8CNI,69,noisy_pc_chair_0653_sigma_0.05,chair,ModelNet,64139338cf8835515d6c0eb60be969cc,chair,ShapeNet,False,chair/ShapeNet/64139338cf8835515d6c0eb60be969cc,100pcPerClassOutput/chair/sigma_0.05/noisy_pc_chair_0653_sigma_0.05.npz,True,chair,chair,0,"['the', 'legs', 'are', 'not', 'curved', 'at', 'the', 'seat']",8,the legs are not curved at the seat,train,test,train,test,"[1, 10, 547, 16, 40, 51, 98, 10, 2255, 2, 0, 0, 0, 0, 0, 0, 0, 0]"
user_1577,gap at the top between chair back and top rail is larger,3QUO65DNQWHB82UT5ERN578W2ZGOU5,201,noisy_pc_chair_0479_sigma_0.05,chair,ModelNet,3ae2857e04641093b0957d845ac33749,chair,ShapeNet,False,chair/ShapeNet/3ae2857e04641093b0957d845ac33749,100pcPerClassOutput/chair/sigma_0.05/noisy_pc_chair_0479_sigma_0.05.npz,True,chair,chair,0,"['gap', 'at', 'the', 'top', 'between', 'chair', 'back', 'and', 'top', 'rail', 'is', 'large', '-er']",13,gap at the top between chair back and top rail is large -er,test,test,test,test,"[1, 707, 98, 10, 99, 657, 2251, 183, 47, 99, 1940, 7, 94, 9, 2, 0, 0, 0]"
user_505,Target is a swivel chair,3M81GAB8A2CZXFY3K02WPMB8SCDQBE,50,noisy_pc_1f0bfd529b33c045b84e887edbdca251_sigma_0.05,chair,ShapeNet,chair_0060,chair,ModelNet,False,chair/ModelNet/chair_0060,100pcPerClassOutput/chair/sigma_0.05/noisy_pc_1f0bfd529b33c045b84e887edbdca251_sigma_0.05.npz,False,chair,chair,0,"['target', 'is', 'a', 'swivel', 'chair']",5,target is a swivel chair,train,test,train,test,"[1, 11, 7, 26, 2231, 2251, 2, 0, 0, 0, 0, 0, 0, 0, 0, 0, 0, 0]"
user_206,the target has seating that is U shaped,3A4TN5196MB5URR6FABXRSPPJ5ZCHJ,217,noisy_pc_chair_0915_sigma_0.05,chair,ModelNet,e64562ae2925d5f3f58087d377226538,chair,ShapeNet,False,chair/ShapeNet/e64562ae2925d5f3f58087d377226538,100pcPerClassOutput/chair/sigma_0.05/noisy_pc_chair_0915_sigma_0.05.npz,True,chair,chair,0,"['the', 'target', 'has', 'seating', 'that', 'is', 'u', 'shaped']",8,the target has seating that is u shaped,train,test,train,test,"[1, 10, 11, 24, 2338, 172, 7, 92, 14, 2, 0, 0, 0, 0, 0, 0, 0, 0]"
user_1347,The arms of the chair are a single U shaped piece,3QBD8R3Z23CCR40EQ805S3A23LNO4B,157,noisy_pc_chair_0307_sigma_0.05,chair,ModelNet,4d6c67174bdab63ff11cd7e1bac77b0e,chair,ShapeNet,False,chair/ShapeNet/4d6c67174bdab63ff11cd7e1bac77b0e,100pcPerClassOutput/chair/sigma_0.05/noisy_pc_chair_0307_sigma_0.05.npz,False,chair,chair,0,"['the', 'arms', 'of', 'the', 'chair', 'are', 'a', 'single', 'u', 'shaped', 'piece']",11,the arms of the chair are a single u shaped piece,train,test,train,test,"[1, 10, 2232, 38, 10, 2251, 16, 26, 86, 92, 14, 65, 2, 0, 0, 0, 0, 0]"
user_607,The target has two stretchers.,3LS2AMNW5HJJG9NCO57IV6B7ZAUQOE,181,noisy_pc_efe76021aa616a41f51fa0238791f5dc_sigma_0.05,chair,ShapeNet,304efa07923fc3c1c681404257d94ad9,chair,ShapeNet,False,chair/ShapeNet/304efa07923fc3c1c681404257d94ad9,100pcPerClassOutput/chair/sigma_0.05/noisy_pc_efe76021aa616a41f51fa0238791f5dc_sigma_0.05.npz,True,chair,chair,0,"['the', 'target', 'has', 'two', 'stretchers']",5,the target has two stretchers,val,test,val,test,"[1, 10, 11, 24, 17, 2291, 2, 0, 0, 0, 0, 0, 0, 0, 0, 0, 0, 0]"
user_947,The target chair is not as tall.,33NF62TLXLVJ4VYKVNVGROIC1CZJK7,71,noisy_pc_3be2c90d1c2730fa14659d605ff53c6f_sigma_0.05,chair,ShapeNet,103b75dfd146976563ed57e35c972b4b,chair,ShapeNet,False,chair/ShapeNet/103b75dfd146976563ed57e35c972b4b,100pcPerClassOutput/chair/sigma_0.05/noisy_pc_3be2c90d1c2730fa14659d605ff53c6f_sigma_0.05.npz,False,chair,chair,0,"['the', 'target', 'chair', 'is', 'not', 'as', 'tall']",7,the target chair is not as tall,train,test,train,test,"[1, 10, 11, 2251, 7, 40, 52, 53, 2, 0, 0, 0, 0, 0, 0, 0, 0, 0]"
user_2039,It does not have a back.,3R6P78PK7M48GCY6HQO5V2DSSV0GTT,186,noisy_pc_chair_0924_sigma_0.05,chair,ModelNet,4afbcdeba648df2e19fb4103277a6b93,chair,ShapeNet,False,chair/ShapeNet/4afbcdeba648df2e19fb4103277a6b93,100pcPerClassOutput/chair/sigma_0.05/noisy_pc_chair_0924_sigma_0.05.npz,False,chair,chair,0,"['it', 'does', 'not', 'have', 'a', 'back']",6,it does not have a back,test,test,test,test,"[1, 23, 39, 40, 84, 26, 183, 2, 0, 0, 0, 0, 0, 0, 0, 0, 0, 0]"
user_1651,It has a smaller back,3WZ36BJEV59CPVQV14WRURMVCKPBTS,92,noisy_pc_d01321ae63ae0b40ad1f278e1513f3b7_sigma_0.05,chair,ShapeNet,f43eef7e3991f80346ebf4f1147c3f0f,chair,ShapeNet,False,chair/ShapeNet/f43eef7e3991f80346ebf4f1147c3f0f,100pcPerClassOutput/chair/sigma_0.05/noisy_pc_d01321ae63ae0b40ad1f278e1513f3b7_sigma_0.05.npz,True,chair,chair,0,"['it', 'has', 'a', 'small', '-er', 'back']",6,it has a small -er back,train,test,train,test,"[1, 23, 24, 26, 111, 9, 183, 2, 0, 0, 0, 0, 0, 0, 0, 0, 0, 0]"
user_405,There is not cushioning.,3Z4XG4ZF4AK04E1832DESSH0HDA8XX,74,noisy_pc_5f06664b4eb0af4c352fc7e973ba7787_sigma_0.05,chair,ShapeNet,64eb6d8212acb69fa094848ea4d06501,chair,ShapeNet,False,chair/ShapeNet/64eb6d8212acb69fa094848ea4d06501,100pcPerClassOutput/chair/sigma_0.05/noisy_pc_5f06664b4eb0af4c352fc7e973ba7787_sigma_0.05.npz,False,chair,chair,0,"['there', 'is', 'not', 'cushioning']",4,there is not cushioning,train,test,train,test,"[1, 15, 7, 40, 2287, 2, 0, 0, 0, 0, 0, 0, 0, 0, 0, 0, 0, 0]"
user_618,There is one connected leg supporting the chair.,3DQQ64TANIE6L6VZFEJ3CVYJXJGPWD,161,noisy_pc_c13d5f3639f427587fa29a3ea424473_sigma_0.05,chair,ShapeNet,2f296d487ade29fe770bec7a2461d9a3,chair,ShapeNet,False,chair/ShapeNet/2f296d487ade29fe770bec7a2461d9a3,100pcPerClassOutput/chair/sigma_0.05/noisy_pc_c13d5f3639f427587fa29a3ea424473_sigma_0.05.npz,False,chair,chair,0,"['there', 'is', 'one', 'connected', 'leg', 'supporting', 'the', 'chair']",8,there is one connected leg supporting the chair,train,test,train,test,"[1, 15, 7, 19, 127, 1737, 1130, 10, 2251, 2, 0, 0, 0, 0, 0, 0, 0, 0]"
user_456,The target's legs have no feet.,3DY4FPOOA3HEIUB92WIWVOFKRUGVRJ,119,noisy_pc_chair_0851_sigma_0.05,chair,ModelNet,a1133464132d65fcfce0ccdae30f97db,chair,ShapeNet,False,chair/ShapeNet/a1133464132d65fcfce0ccdae30f97db,100pcPerClassOutput/chair/sigma_0.05/noisy_pc_chair_0851_sigma_0.05.npz,True,chair,chair,0,"['the', 'target', ""'s"", 'legs', 'have', 'no', 'feet']",7,the target 's legs have no feet,test,test,test,test,"[1, 10, 11, 12, 547, 84, 123, 200, 2, 0, 0, 0, 0, 0, 0, 0, 0, 0]"
user_476,It has two legs.,3FTYUGLFSWE3JQDPE45ZM14HZWJ5DU,135,noisy_pc_chair_0845_sigma_0.05,chair,ModelNet,a1296954d5190272327289c00b6dc9ca,chair,ShapeNet,False,chair/ShapeNet/a1296954d5190272327289c00b6dc9ca,100pcPerClassOutput/chair/sigma_0.05/noisy_pc_chair_0845_sigma_0.05.npz,True,chair,chair,0,"['it', 'has', 'two', 'legs']",4,it has two legs,train,test,train,test,"[1, 23, 24, 17, 547, 2, 0, 0, 0, 0, 0, 0, 0, 0, 0, 0, 0, 0]"
user_677,The target has a solid back,3U5JL4WY5M2ZLDE6RZN1BG1VFP1X4Y,153,noisy_pc_chair_0853_sigma_0.05,chair,ModelNet,a94eb852d2137621b38821f893bc10f9,chair,ShapeNet,False,chair/ShapeNet/a94eb852d2137621b38821f893bc10f9,100pcPerClassOutput/chair/sigma_0.05/noisy_pc_chair_0853_sigma_0.05.npz,False,chair,chair,0,"['the', 'target', 'has', 'a', 'solid', 'back']",6,the target has a solid back,test,test,test,test,"[1, 10, 11, 24, 26, 291, 183, 2, 0, 0, 0, 0, 0, 0, 0, 0, 0, 0]"
user_1546,The back is rounded,3WMOAN2SRDQT3WJH9P1FM4AAQSRNVD,127,noisy_pc_5b6a608c22d77fbcb04cb542e2c50eb4_sigma_0.05,chair,ShapeNet,e984974d54645e8328c54e8f8953f499,chair,ShapeNet,False,chair/ShapeNet/e984974d54645e8328c54e8f8953f499,100pcPerClassOutput/chair/sigma_0.05/noisy_pc_5b6a608c22d77fbcb04cb542e2c50eb4_sigma_0.05.npz,True,chair,chair,0,"['the', 'back', 'is', 'rounded']",4,the back is rounded,train,test,train,test,"[1, 10, 183, 7, 48, 2, 0, 0, 0, 0, 0, 0, 0, 0, 0, 0, 0, 0]"
user_618,The rear legs of this chair are thicker.,3X31TUMD7ZFNTK0YQY1B2OZ5WUS1LA,472,noisy_pc_6678f63c9b584a549d9e5580ae9f8738_sigma_0.05,chair,ShapeNet,510a6ee3bc0a0669c8101121c12c3f9,chair,ShapeNet,False,chair/ShapeNet/510a6ee3bc0a0669c8101121c12c3f9,100pcPerClassOutput/chair/sigma_0.05/noisy_pc_6678f63c9b584a549d9e5580ae9f8738_sigma_0.05.npz,True,chair,chair,0,"['the', 'rear', 'legs', 'of', 'this', 'chair', 'are', 'thick', '-er']",9,the rear legs of this chair are thick -er,test,test,test,test,"[1, 10, 1188, 547, 38, 301, 2251, 16, 54, 9, 2, 0, 0, 0, 0, 0, 0, 0]"
user_156,Its handles are curved.,3FIJLY1B6WX4AK94PP9387CJ2H2PFT,184,noisy_pc_1b4071814d1c1ae6e2367b9e27f16a71_sigma_0.05,chair,ShapeNet,9ddbf01abee716b39b0530265e62c9b7,chair,ShapeNet,False,chair/ShapeNet/9ddbf01abee716b39b0530265e62c9b7,100pcPerClassOutput/chair/sigma_0.05/noisy_pc_1b4071814d1c1ae6e2367b9e27f16a71_sigma_0.05.npz,True,chair,chair,0,"['its', 'handles', 'are', 'curved']",4,its handles are curved,train,test,train,test,"[1, 5, 18, 16, 51, 2, 0, 0, 0, 0, 0, 0, 0, 0, 0, 0, 0, 0]"
user_1644,It is round.,3Z9WI9EOZ1HNDP3U7NSVFB2XOO1KHH,209,noisy_pc_chair_0477_sigma_0.05,chair,ModelNet,chair_0262,chair,ModelNet,False,chair/ModelNet/chair_0262,100pcPerClassOutput/chair/sigma_0.05/noisy_pc_chair_0477_sigma_0.05.npz,False,chair,chair,0,"['it', 'is', 'round']",3,it is round,train,test,train,test,"[1, 23, 7, 134, 2, 0, 0, 0, 0, 0, 0, 0, 0, 0, 0, 0, 0, 0]"
user_1347,The seat has slats,3LJ7UR74RJ6U9J02PT0SDEAXDDAN4R,58,noisy_pc_chair_0659_sigma_0.05,chair,ModelNet,c04d0cf81d9d870a7aa0699f5d30fdef,chair,ShapeNet,False,chair/ShapeNet/c04d0cf81d9d870a7aa0699f5d30fdef,100pcPerClassOutput/chair/sigma_0.05/noisy_pc_chair_0659_sigma_0.05.npz,True,chair,chair,0,"['the', 'seat', 'has', 'slats']",4,the seat has slats,test,test,test,test,"[1, 10, 2255, 24, 1348, 2, 0, 0, 0, 0, 0, 0, 0, 0, 0, 0, 0, 0]"
user_203,The front legs are bowed.,31LM9EDVONLKC1JNS0NWJGZGV9QJN2,146,noisy_pc_chair_0473_sigma_0.05,chair,ModelNet,b8552f663f2a4f4d54e4f80955961143,chair,ShapeNet,False,chair/ShapeNet/b8552f663f2a4f4d54e4f80955961143,100pcPerClassOutput/chair/sigma_0.05/noisy_pc_chair_0473_sigma_0.05.npz,True,chair,chair,0,"['the', 'front', 'legs', 'are', 'bowed']",5,the front legs are bowed,train,test,train,test,"[1, 10, 37, 547, 16, 2386, 2, 0, 0, 0, 0, 0, 0, 0, 0, 0, 0, 0]"
user_801,"Very long, tall and skinny legs.",3JZQSN0I3S3YX7G5M6JGEYYR1SCFGG,79,noisy_pc_2ac0a9cdbe7ab8a6ad484915511ccff6_sigma_0.05,chair,ShapeNet,81519481b3e24fd7b0957d845ac33749,chair,ShapeNet,False,chair/ShapeNet/81519481b3e24fd7b0957d845ac33749,100pcPerClassOutput/chair/sigma_0.05/noisy_pc_2ac0a9cdbe7ab8a6ad484915511ccff6_sigma_0.05.npz,False,chair,chair,0,"['very', 'long', 'tall', 'and', 'skinny', 'legs']",6,very long tall and skinny legs,train,test,train,test,"[1, 62, 32, 53, 47, 282, 547, 2, 0, 0, 0, 0, 0, 0, 0, 0, 0, 0]"
user_865,Target has almost a parson's chair  modern style,3IXEICO794C6JJ905DFJJB03YMV6TP,783,noisy_pc_1e67e443849379fd6666a748bda83f67_sigma_0.05,chair,ShapeNet,80415f427a9368227678f114ae956b82,chair,ShapeNet,False,chair/ShapeNet/80415f427a9368227678f114ae956b82,100pcPerClassOutput/chair/sigma_0.05/noisy_pc_1e67e443849379fd6666a748bda83f67_sigma_0.05.npz,False,chair,chair,0,"['target', 'has', 'almost', 'a', 'parson', ""'s"", 'chair', 'modern', 'style']",9,target has almost a parson 's chair modern style,train,test,train,test,"[1, 11, 24, 505, 26, 3, 12, 2251, 458, 250, 2, 0, 0, 0, 0, 0, 0, 0]"
user_442,It has four legs,3IXQG4FA2VRT5GHH3YRA3RLJIFGB9Q,86,noisy_pc_chair_0922_sigma_0.05,chair,ModelNet,8951c681ee693af213493f4cb10e07b0,chair,ShapeNet,False,chair/ShapeNet/8951c681ee693af213493f4cb10e07b0,100pcPerClassOutput/chair/sigma_0.05/noisy_pc_chair_0922_sigma_0.05.npz,False,chair,chair,0,"['it', 'has', 'four', 'legs']",4,it has four legs,train,test,train,test,"[1, 23, 24, 322, 547, 2, 0, 0, 0, 0, 0, 0, 0, 0, 0, 0, 0, 0]"
user_156,It has no visible legs.,3O7L7BFSHGIKNKM4HJZDHSQ747TIE3,51,noisy_pc_6ccd1ba0e0d4408e56c513edc77abd33_sigma_0.05,chair,ShapeNet,c7a87dff6ab53f3b7490c34ba5d2779,chair,ShapeNet,False,chair/ShapeNet/c7a87dff6ab53f3b7490c34ba5d2779,100pcPerClassOutput/chair/sigma_0.05/noisy_pc_6ccd1ba0e0d4408e56c513edc77abd33_sigma_0.05.npz,False,chair,chair,0,"['it', 'has', 'no', 'visible', 'legs']",5,it has no visible legs,train,test,train,test,"[1, 23, 24, 123, 185, 547, 2, 0, 0, 0, 0, 0, 0, 0, 0, 0, 0, 0]"
user_15,The base is thicker.,33JKGHPFYENAD9P8VX0OZ8RXZ4TNMK,86,noisy_pc_c0cdfbbf3a80105fa8699b6183baa203_sigma_0.05,chair,ShapeNet,57a20ffcc530b8693b48a711df82173e,chair,ShapeNet,False,chair/ShapeNet/57a20ffcc530b8693b48a711df82173e,100pcPerClassOutput/chair/sigma_0.05/noisy_pc_c0cdfbbf3a80105fa8699b6183baa203_sigma_0.05.npz,True,chair,chair,0,"['the', 'base', 'is', 'thick', '-er']",5,the base is thick -er,train,test,train,test,"[1, 10, 103, 7, 54, 9, 2, 0, 0, 0, 0, 0, 0, 0, 0, 0, 0, 0]"
user_1991,The top rail straight across,3QUO65DNQWHB82UT5ERN578W2WQUOF,220,noisy_pc_chair_0923_sigma_0.05,chair,ModelNet,8951c681ee693af213493f4cb10e07b0,chair,ShapeNet,False,chair/ShapeNet/8951c681ee693af213493f4cb10e07b0,100pcPerClassOutput/chair/sigma_0.05/noisy_pc_chair_0923_sigma_0.05.npz,True,chair,chair,0,"['the', 'top', 'rail', 'straight', 'across']",5,the top rail straight across,train,test,train,test,"[1, 10, 99, 1940, 114, 702, 2, 0, 0, 0, 0, 0, 0, 0, 0, 0, 0, 0]"
user_2026,It does not have arms,3X4JMASXCO2B9MT4328HAGKQFA9B0Z,177,noisy_pc_chair_0710_sigma_0.05,chair,ModelNet,a20760333defff73d2ef7d159eb54508,chair,ShapeNet,False,chair/ShapeNet/a20760333defff73d2ef7d159eb54508,100pcPerClassOutput/chair/sigma_0.05/noisy_pc_chair_0710_sigma_0.05.npz,True,chair,chair,0,"['it', 'does', 'not', 'have', 'arms']",5,it does not have arms,val,test,val,test,"[1, 23, 39, 40, 84, 2232, 2, 0, 0, 0, 0, 0, 0, 0, 0, 0, 0, 0]"
user_1019,Has 5 wheels on its legs,36TFCYNS463TXP21667K55AZKR4XHV,66,noisy_pc_3dc79f23cd284bd8ece416489129c313_sigma_0.05,chair,ShapeNet,bdc892547cceb2ef34dedfee80b7006,chair,ShapeNet,False,chair/ShapeNet/bdc892547cceb2ef34dedfee80b7006,100pcPerClassOutput/chair/sigma_0.05/noisy_pc_3dc79f23cd284bd8ece416489129c313_sigma_0.05.npz,False,chair,chair,0,"['has', 'five', 'wheels', 'on', 'its', 'legs']",6,has five wheels on its legs,train,test,train,test,"[1, 24, 953, 1013, 20, 5, 547, 2, 0, 0, 0, 0, 0, 0, 0, 0, 0, 0]"
user_1065,The back has a thicker curved section,3QILPRALQ7OVSKN41WQ5UQQ2FRPN81,70,noisy_pc_chair_0664_sigma_0.05,chair,ModelNet,c8963b0930306a61781cbff504e4168d,chair,ShapeNet,False,chair/ShapeNet/c8963b0930306a61781cbff504e4168d,100pcPerClassOutput/chair/sigma_0.05/noisy_pc_chair_0664_sigma_0.05.npz,True,chair,chair,0,"['the', 'back', 'has', 'a', 'thick', '-er', 'curved', 'section']",8,the back has a thick -er curved section,train,test,train,test,"[1, 10, 183, 24, 26, 54, 9, 51, 354, 2, 0, 0, 0, 0, 0, 0, 0, 0]"
user_361,The chair itself is wider,3U84XHCDIE6OQ8ELSHBM81H6NPF4ZI,80,noisy_pc_3a1b54325b3565e72ca4b544d68c52_sigma_0.05,chair,ShapeNet,e51df025a8c64a483147d51c94487639,chair,ShapeNet,False,chair/ShapeNet/e51df025a8c64a483147d51c94487639,100pcPerClassOutput/chair/sigma_0.05/noisy_pc_3a1b54325b3565e72ca4b544d68c52_sigma_0.05.npz,True,chair,chair,0,"['the', 'chair', 'itself', 'is', 'wide', '-er']",6,the chair itself is wide -er,train,test,train,test,"[1, 10, 2251, 1133, 7, 83, 9, 2, 0, 0, 0, 0, 0, 0, 0, 0, 0, 0]"
user_591,The chair is shorter,3DYGAII7PN1119ZD35KXK6GX9JWQP9,79,noisy_pc_chair_0920_sigma_0.05,chair,ModelNet,7a2d21eddb89c8242058afcc28d23393,chair,ShapeNet,False,chair/ShapeNet/7a2d21eddb89c8242058afcc28d23393,100pcPerClassOutput/chair/sigma_0.05/noisy_pc_chair_0920_sigma_0.05.npz,False,chair,chair,0,"['the', 'chair', 'is', 'short', '-er']",5,the chair is short -er,train,test,train,test,"[1, 10, 2251, 7, 8, 9, 2, 0, 0, 0, 0, 0, 0, 0, 0, 0, 0, 0]"
user_1601,The target chairs' crest rail has a heart-shaped cutout.,3DOCMVPBTP7GVRA87YFOCNGX4M2NN3,139,noisy_pc_ff9b59e29b547dd504721639e19f609_sigma_0.05,chair,ShapeNet,6a01eed3a575987211e48e4bcdc4a2a3,chair,ShapeNet,False,chair/ShapeNet/6a01eed3a575987211e48e4bcdc4a2a3,100pcPerClassOutput/chair/sigma_0.05/noisy_pc_ff9b59e29b547dd504721639e19f609_sigma_0.05.npz,False,chair,chair,0,"['the', 'target', 'chairs', ""'"", 'crest', 'rail', 'has', 'a', 'heart', 'shaped', 'cutout']",11,the target chairs ' crest rail has a heart shaped cutout,train,test,train,test,"[1, 10, 11, 2253, 587, 2286, 1940, 24, 26, 795, 14, 433, 2, 0, 0, 0, 0, 0]"
user_1065,The chair has a matching footstool at the front of the piece,34YB12FSQ0H43H8M8TNT9OI0YKUMGI,67,noisy_pc_chair_0840_sigma_0.05,chair,ModelNet,8ec3459ab9fa3ce8738e43095496b061,chair,ShapeNet,False,chair/ShapeNet/8ec3459ab9fa3ce8738e43095496b061,100pcPerClassOutput/chair/sigma_0.05/noisy_pc_chair_0840_sigma_0.05.npz,False,chair,chair,0,"['the', 'chair', 'has', 'a', 'matching', 'footstool', 'at', 'the', 'front', 'of', 'the', 'piece']",12,the chair has a matching footstool at the front of the piece,test,test,test,test,"[1, 10, 2251, 24, 26, 2273, 2509, 98, 10, 37, 38, 10, 65, 2, 0, 0, 0, 0]"
user_1712,it is a love seat,3VBEN272MMS71CLRSQJFLXH6QGPGSF,44,noisy_pc_4cc4cb9b533e8b84b04cb542e2c50eb4_sigma_0.05,chair,ShapeNet,9c103621101bcf9919fb4103277a6b93,chair,ShapeNet,False,chair/ShapeNet/9c103621101bcf9919fb4103277a6b93,100pcPerClassOutput/chair/sigma_0.05/noisy_pc_4cc4cb9b533e8b84b04cb542e2c50eb4_sigma_0.05.npz,False,chair,chair,0,"['it', 'is', 'a', 'love', 'seat']",5,it is a love seat,train,test,train,test,"[1, 23, 7, 26, 2327, 2255, 2, 0, 0, 0, 0, 0, 0, 0, 0, 0, 0, 0]"
user_2114,Its back has only a top rail and cross rail.,3KKG4CDWKKR9KHW8OJHNVDFD8RS94J,79,noisy_pc_chair_0007_sigma_0.05,chair,ModelNet,5ef4db0419932fe12e5ebb32d8476df8,chair,ShapeNet,False,chair/ShapeNet/5ef4db0419932fe12e5ebb32d8476df8,100pcPerClassOutput/chair/sigma_0.05/noisy_pc_chair_0007_sigma_0.05.npz,True,chair,chair,0,"['its', 'back', 'has', 'only', 'a', 'top', 'rail', 'and', 'cross', 'rail']",10,its back has only a top rail and cross rail,train,test,train,test,"[1, 5, 183, 24, 133, 26, 99, 1940, 47, 28, 1940, 2, 0, 0, 0, 0, 0, 0]"
user_1577,Has a small desk with two drawers and chair sitting on the seat,3SPJ033423WEO0N1Z2W70WXNZOIJY6,165,noisy_pc_chair_0775_sigma_0.05,chair,ModelNet,b9c0dcc854da8c7d60558e0a9a66f173,chair,ShapeNet,False,chair/ShapeNet/b9c0dcc854da8c7d60558e0a9a66f173,100pcPerClassOutput/chair/sigma_0.05/noisy_pc_chair_0775_sigma_0.05.npz,True,chair,chair,0,"['has', 'a', 'small', 'desk', 'with', 'two', 'drawers', 'and', 'chair', 'sitting', 'on', 'the', 'seat']",13,has a small desk with two drawers and chair sitting on the seat,train,test,train,test,"[1, 24, 26, 111, 1018, 121, 17, 981, 47, 2251, 261, 20, 10, 2255, 2, 0, 0, 0]"
user_65,It is made of wire,30JNVC0ORBD9OS1PKSCSBXE6NXEHQX,75,noisy_pc_chair_0563_sigma_0.05,chair,ModelNet,78abbfe9ab73729f56d13e757b0dc374,chair,ShapeNet,False,chair/ShapeNet/78abbfe9ab73729f56d13e757b0dc374,100pcPerClassOutput/chair/sigma_0.05/noisy_pc_chair_0563_sigma_0.05.npz,True,chair,chair,0,"['it', 'is', 'made', 'of', 'wire']",5,it is made of wire,train,test,train,test,"[1, 23, 7, 916, 38, 237, 2, 0, 0, 0, 0, 0, 0, 0, 0, 0, 0, 0]"
user_1577,"this chair is composed of only right angles, the back and seat meet at 90 degrees",3QFUFYSY908ILRNLR5HF591OBG2F4E,153,noisy_pc_chair_0615_sigma_0.05,chair,ModelNet,5d20adaf6d8f89fa2f1c10544d7d6f,chair,ShapeNet,False,chair/ShapeNet/5d20adaf6d8f89fa2f1c10544d7d6f,100pcPerClassOutput/chair/sigma_0.05/noisy_pc_chair_0615_sigma_0.05.npz,False,chair,chair,0,"['this', 'chair', 'is', 'composed', 'of', 'only', 'right', 'angles', 'the', 'back', 'and', 'seat', 'meet', 'at', 'ninety', 'degrees']",16,this chair is composed of only right angles the back and seat meet at ninety degrees,test,test,test,test,"[1, 301, 2251, 7, 586, 38, 133, 118, 340, 10, 183, 47, 2255, 1052, 98, 104, 676, 2]"
user_1572,The backrest and seat are wider.,3RGU30DZTC1EUJYNGZ8W61AGQJ4JMQ,223,noisy_pc_6c0fb1806d66a9cc3002761e7a3ba3bd_sigma_0.05,chair,ShapeNet,a4684772b9356ba28fa2f6eb9fb1de7c,chair,ShapeNet,False,chair/ShapeNet/a4684772b9356ba28fa2f6eb9fb1de7c,100pcPerClassOutput/chair/sigma_0.05/noisy_pc_6c0fb1806d66a9cc3002761e7a3ba3bd_sigma_0.05.npz,True,chair,chair,0,"['the', 'backrest', 'and', 'seat', 'are', 'wide', '-er']",7,the backrest and seat are wide -er,train,test,train,test,"[1, 10, 2261, 47, 2255, 16, 83, 9, 2, 0, 0, 0, 0, 0, 0, 0, 0, 0]"
user_448,The backrest is more narrow.,3AMW0RGHOFVGYCMLNDSGGCLS4ARPN7,98,noisy_pc_chair_0401_sigma_0.05,chair,ModelNet,79780c35666f045d7ff7b6423ebfebc7,chair,ShapeNet,False,chair/ShapeNet/79780c35666f045d7ff7b6423ebfebc7,100pcPerClassOutput/chair/sigma_0.05/noisy_pc_chair_0401_sigma_0.05.npz,True,chair,chair,0,"['the', 'backrest', 'is', 'more', 'narrow']",5,the backrest is more narrow,train,test,train,test,"[1, 10, 2261, 7, 34, 210, 2, 0, 0, 0, 0, 0, 0, 0, 0, 0, 0, 0]"
user_1601,The target beach chair has long arms.,3S3AMIZX3WYOIBM4TES707ARRHMDCZ,174,noisy_pc_c9d5ff677600b0a1a01ae992b62200ab_sigma_0.05,chair,ShapeNet,d81327c591d1a709377b9297f3055210,chair,ShapeNet,False,chair/ShapeNet/d81327c591d1a709377b9297f3055210,100pcPerClassOutput/chair/sigma_0.05/noisy_pc_c9d5ff677600b0a1a01ae992b62200ab_sigma_0.05.npz,True,chair,chair,0,"['the', 'target', 'beach', 'chair', 'has', 'long', 'arms']",7,the target beach chair has long arms,train,test,train,test,"[1, 10, 11, 2401, 2251, 24, 32, 2232, 2, 0, 0, 0, 0, 0, 0, 0, 0, 0]"
user_1723,It has wheels for feet.,378XPAWRUE6HX75S1EXRL90GJN6IA9,143,noisy_pc_2d8f0977b9c6592ffebad4f49b26ec52_sigma_0.05,chair,ShapeNet,8b54af871a3ac77c492d9da2668ec34c,chair,ShapeNet,False,chair/ShapeNet/8b54af871a3ac77c492d9da2668ec34c,100pcPerClassOutput/chair/sigma_0.05/noisy_pc_2d8f0977b9c6592ffebad4f49b26ec52_sigma_0.05.npz,False,chair,chair,0,"['it', 'has', 'wheels', 'for', 'feet']",5,it has wheels for feet,train,test,train,test,"[1, 23, 24, 1013, 259, 200, 2, 0, 0, 0, 0, 0, 0, 0, 0, 0, 0, 0]"
user_947,The target chair has curved arm rests.,36TFCYNS463TXP21667K55AZKTIXHD,54,noisy_pc_1a6f615e8b1b5ae4dbbc9440457e303e_sigma_0.05,chair,ShapeNet,e1092c9dfe55273876f83644d71a31ee,chair,ShapeNet,False,chair/ShapeNet/e1092c9dfe55273876f83644d71a31ee,100pcPerClassOutput/chair/sigma_0.05/noisy_pc_1a6f615e8b1b5ae4dbbc9440457e303e_sigma_0.05.npz,True,chair,chair,0,"['the', 'target', 'chair', 'has', 'curved', 'arm', 'rests']",7,the target chair has curved arm rests,train,test,train,test,"[1, 10, 11, 2251, 24, 51, 517, 540, 2, 0, 0, 0, 0, 0, 0, 0, 0, 0]"
user_428,The top dips down in the middle.,37M28K1J0S6DSIPYJWIRXAFGWZXJAI,148,noisy_pc_chair_0945_sigma_0.05,chair,ModelNet,dae8b3ac69d80cf1b94e60a139ac4b1c,chair,ShapeNet,False,chair/ShapeNet/dae8b3ac69d80cf1b94e60a139ac4b1c,100pcPerClassOutput/chair/sigma_0.05/noisy_pc_chair_0945_sigma_0.05.npz,True,chair,chair,0,"['the', 'top', 'dips', 'down', 'in', 'the', 'middle']",7,the top dips down in the middle,train,test,train,test,"[1, 10, 99, 1635, 44, 90, 10, 232, 2, 0, 0, 0, 0, 0, 0, 0, 0, 0]"
user_1991,Seating is longer provides more space,33L7PJKHCIRTNXSOYSCH3PWU4DM8T6,161,noisy_pc_6a28919186eb55ecf69d0cf4fdc89b12_sigma_0.05,chair,ShapeNet,fbe08af112773184e6fe3612af521500,chair,ShapeNet,False,chair/ShapeNet/fbe08af112773184e6fe3612af521500,100pcPerClassOutput/chair/sigma_0.05/noisy_pc_6a28919186eb55ecf69d0cf4fdc89b12_sigma_0.05.npz,False,chair,chair,0,"['seating', 'is', 'long', '-er', 'provides', 'more', 'space']",7,seating is long -er provides more space,val,test,val,test,"[1, 2338, 7, 32, 9, 4908, 34, 744, 2, 0, 0, 0, 0, 0, 0, 0, 0, 0]"
user_206,The raget has no hole in the center of the top,3M0NZ3JDP3R6MRIL6MUWDTNJ7C05ZE,361,noisy_pc_6a5ee2ac74c81e9d470412e9b69c8933_sigma_0.05,chair,ShapeNet,60a1742f1cda02ecce5a69be7dc7d68a,chair,ShapeNet,False,chair/ShapeNet/60a1742f1cda02ecce5a69be7dc7d68a,100pcPerClassOutput/chair/sigma_0.05/noisy_pc_6a5ee2ac74c81e9d470412e9b69c8933_sigma_0.05.npz,True,chair,chair,0,"['the', 'rage', 'has', 'no', 'hole', 'in', 'the', 'center', 'of', 'the', 'top']",11,the rage has no hole in the center of the top,train,test,train,test,"[1, 10, 4553, 24, 123, 81, 90, 10, 165, 38, 10, 99, 2, 0, 0, 0, 0, 0]"
user_591,There are 4 legs,354GIDR5ZDZAPZQU5MBSQZO7O9I00E,476,noisy_pc_chair_0612_sigma_0.05,chair,ModelNet,2b90701386f1813052db1dda4adf0a0c,chair,ShapeNet,False,chair/ShapeNet/2b90701386f1813052db1dda4adf0a0c,100pcPerClassOutput/chair/sigma_0.05/noisy_pc_chair_0612_sigma_0.05.npz,False,chair,chair,0,"['there', 'are', 'four', 'legs']",4,there are four legs,train,test,train,test,"[1, 15, 16, 322, 547, 2, 0, 0, 0, 0, 0, 0, 0, 0, 0, 0, 0, 0]"
user_591,There are armrests,3WYGZ5XF3Y8C3YHAIH4UJP9ZXTOKSW,104,noisy_pc_387a0509406a8653b40f0ac0fb9a650d_sigma_0.05,chair,ShapeNet,chair_0170,chair,ModelNet,False,chair/ModelNet/chair_0170,100pcPerClassOutput/chair/sigma_0.05/noisy_pc_387a0509406a8653b40f0ac0fb9a650d_sigma_0.05.npz,True,chair,chair,0,"['there', 'are', 'armrests']",3,there are armrests,test,test,test,test,"[1, 15, 16, 2271, 2, 0, 0, 0, 0, 0, 0, 0, 0, 0, 0, 0, 0, 0]"
user_1306,there are four legs,3VHP9MDGRPDLGV00KKNXO7DC3Y9FCR,53,noisy_pc_chair_0835_sigma_0.05,chair,ModelNet,chair_0664,chair,ModelNet,False,chair/ModelNet/chair_0664,100pcPerClassOutput/chair/sigma_0.05/noisy_pc_chair_0835_sigma_0.05.npz,False,chair,chair,0,"['there', 'are', 'four', 'legs']",4,there are four legs,test,test,test,test,"[1, 15, 16, 322, 547, 2, 0, 0, 0, 0, 0, 0, 0, 0, 0, 0, 0, 0]"
user_618,The chair has stretchers attached to the legs of the chair.,3ZOTGHDK5K4VTP2PG9WNQ6Q8HZ3OSR,227,noisy_pc_7275cb0572b1c0042725cbc5586c6d7b_sigma_0.05,chair,ShapeNet,5c70ab37293d81911b17743c18fb63dc,chair,ShapeNet,False,chair/ShapeNet/5c70ab37293d81911b17743c18fb63dc,100pcPerClassOutput/chair/sigma_0.05/noisy_pc_7275cb0572b1c0042725cbc5586c6d7b_sigma_0.05.npz,True,chair,chair,0,"['the', 'chair', 'has', 'stretchers', 'attached', 'to', 'the', 'legs', 'of', 'the', 'chair']",11,the chair has stretchers attached to the legs of the chair,train,test,train,test,"[1, 10, 2251, 24, 2291, 115, 58, 10, 547, 38, 10, 2251, 2, 0, 0, 0, 0, 0]"
user_239,Target has a circular seat,3PDJHANYK79GEAI55JYU5SXFNTXH6P,93,noisy_pc_chair_0798_sigma_0.05,chair,ModelNet,26aa22bd1da8b8c5b1a5c6ecbc81953c,chair,ShapeNet,False,chair/ShapeNet/26aa22bd1da8b8c5b1a5c6ecbc81953c,100pcPerClassOutput/chair/sigma_0.05/noisy_pc_chair_0798_sigma_0.05.npz,False,chair,chair,0,"['target', 'has', 'a', 'circular', 'seat']",5,target has a circular seat,train,test,train,test,"[1, 11, 24, 26, 102, 2255, 2, 0, 0, 0, 0, 0, 0, 0, 0, 0, 0, 0]"
user_1298,It does not have arm rests,3SLE99ER0P68B7ZU7WL9GFNCXEQBZJ,60,noisy_pc_chair_0820_sigma_0.05,chair,ModelNet,474b82a849e5064fa9dea4db53ba3dd,chair,ShapeNet,False,chair/ShapeNet/474b82a849e5064fa9dea4db53ba3dd,100pcPerClassOutput/chair/sigma_0.05/noisy_pc_chair_0820_sigma_0.05.npz,True,chair,chair,0,"['it', 'does', 'not', 'have', 'arm', 'rests']",6,it does not have arm rests,test,test,test,test,"[1, 23, 39, 40, 84, 517, 540, 2, 0, 0, 0, 0, 0, 0, 0, 0, 0, 0]"
user_2026,Its arms are curved,38JBBYETQQ3QFDNPWUX9NRGOZL84EI,109,noisy_pc_chair_0607_sigma_0.05,chair,ModelNet,31e59dcaa15f2599a52abcb0c06a3598,chair,ShapeNet,False,chair/ShapeNet/31e59dcaa15f2599a52abcb0c06a3598,100pcPerClassOutput/chair/sigma_0.05/noisy_pc_chair_0607_sigma_0.05.npz,False,chair,chair,0,"['its', 'arms', 'are', 'curved']",4,its arms are curved,train,test,train,test,"[1, 5, 2232, 16, 51, 2, 0, 0, 0, 0, 0, 0, 0, 0, 0, 0, 0, 0]"
user_677,The target's seating area is closer to the ground.,3C5W7UE9CHJFP33CX3NXXAIV1MGMXO,952,noisy_pc_chair_0765_sigma_0.05,chair,ModelNet,6ea006e5c76576b89753496ba23f2183,chair,ShapeNet,False,chair/ShapeNet/6ea006e5c76576b89753496ba23f2183,100pcPerClassOutput/chair/sigma_0.05/noisy_pc_chair_0765_sigma_0.05.npz,False,chair,chair,0,"['the', 'target', ""'s"", 'seating', 'area', 'is', 'close', '-er', 'to', 'the', 'ground']",11,the target 's seating area is close -er to the ground,train,test,train,test,"[1, 10, 11, 12, 2338, 590, 7, 1025, 9, 58, 10, 299, 2, 0, 0, 0, 0, 0]"
user_1123,The front chair legs are thicker and taller,3E4GGUZ1TAKJYZ0CO2POS7WVZ2RK21,87,noisy_pc_chair_0759_sigma_0.05,chair,ModelNet,9aa05f609e6731bbec19069e387c0327,chair,ShapeNet,False,chair/ShapeNet/9aa05f609e6731bbec19069e387c0327,100pcPerClassOutput/chair/sigma_0.05/noisy_pc_chair_0759_sigma_0.05.npz,False,chair,chair,0,"['the', 'front', 'chair', 'legs', 'are', 'thick', '-er', 'and', 'tall', '-er']",10,the front chair legs are thick -er and tall -er,train,test,train,test,"[1, 10, 37, 2251, 547, 16, 54, 9, 47, 53, 9, 2, 0, 0, 0, 0, 0, 0]"
user_203,It does not have rockers.,3EJPLAJKEO925VIZB5415Z1KJHGZ6V,145,noisy_pc_chair_0572_sigma_0.05,chair,ModelNet,96885d760de5c5e174335c2737ecf4d,chair,ShapeNet,False,chair/ShapeNet/96885d760de5c5e174335c2737ecf4d,100pcPerClassOutput/chair/sigma_0.05/noisy_pc_chair_0572_sigma_0.05.npz,False,chair,chair,0,"['it', 'does', 'not', 'have', 'rockers']",5,it does not have rockers,train,test,train,test,"[1, 23, 39, 40, 84, 2466, 2, 0, 0, 0, 0, 0, 0, 0, 0, 0, 0, 0]"
user_2116,It has a wider spread of the two legs.,308Q0PEVBA63SOVN98JRPEPWD65I9D,121,noisy_pc_1c685bc2a93f87a2504721639e19f609_sigma_0.05,chair,ShapeNet,chair_0577,chair,ModelNet,False,chair/ModelNet/chair_0577,100pcPerClassOutput/chair/sigma_0.05/noisy_pc_1c685bc2a93f87a2504721639e19f609_sigma_0.05.npz,True,chair,chair,0,"['it', 'has', 'a', 'wide', '-er', 'spread', 'of', 'the', 'two', 'legs']",10,it has a wide -er spread of the two legs,train,test,train,test,"[1, 23, 24, 26, 83, 9, 831, 38, 10, 17, 547, 2, 0, 0, 0, 0, 0, 0]"
user_618,The chair has no legs.,3TVRFO09GM8VJLLRXRMIXX361BIXLD,298,noisy_pc_c98e1a3e61caec6a67d783b4714d4324_sigma_0.05,chair,ShapeNet,84f7061e038484492f8cdfb829e0f65d,chair,ShapeNet,False,chair/ShapeNet/84f7061e038484492f8cdfb829e0f65d,100pcPerClassOutput/chair/sigma_0.05/noisy_pc_c98e1a3e61caec6a67d783b4714d4324_sigma_0.05.npz,False,chair,chair,0,"['the', 'chair', 'has', 'no', 'legs']",5,the chair has no legs,train,test,train,test,"[1, 10, 2251, 24, 123, 547, 2, 0, 0, 0, 0, 0, 0, 0, 0, 0, 0, 0]"
user_745,It has 4 legs,3VJ40NV2QKGW8PF4591D0BMUJJSOTT,189,noisy_pc_2f24021efe2ccfcc2db431502a680805_sigma_0.05,chair,ShapeNet,182c47283b90d8b2d85934de5898f0b,chair,ShapeNet,False,chair/ShapeNet/182c47283b90d8b2d85934de5898f0b,100pcPerClassOutput/chair/sigma_0.05/noisy_pc_2f24021efe2ccfcc2db431502a680805_sigma_0.05.npz,False,chair,chair,0,"['it', 'has', 'four', 'legs']",4,it has four legs,test,test,test,test,"[1, 23, 24, 322, 547, 2, 0, 0, 0, 0, 0, 0, 0, 0, 0, 0, 0, 0]"
